,xd_id,measurement_tstamp,measurement_tstamp_str,speed,average_speed,reference_speed,travel_time_seconds,confidence_score,cvalue,congestion,extreme_congestion,tstamp,ts,AccXDSegID,type
0,1524378099,2020-05-25 17:15:00,2020-05-25 22:15:00,61.88,55.0,55.0,22.34,30.0,77.20,0.0,0.0,1590444900,1590444900,1524378099,1.0
1,1524386791,2020-05-16 08:45:00,2020-05-16 13:45:00,64.79,67.0,67.0,17.72,30.0,100.00,0.032985074626865576,0.032985074626865576,1589636700,1589636700,1524386791,1.0
2,1524386791,2020-05-16 11:40:00,2020-05-16 16:40:00,45.31,67.0,67.0,25.34,30.0,100.00,0.32373134328358205,0.32373134328358205,1589647200,1589647200,1524386791,1.0
3,1524386791,2020-05-16 13:05:00,2020-05-16 18:05:00,46.9,66.0,67.0,24.48,30.0,100.00,0.30000000000000004,0.2893939393939394,1589652300,1589652300,1524386791,1.0
4,1524386791,2020-05-16 14:15:00,2020-05-16 19:15:00,75.0,67.0,67.0,15.31,30.0,100.00,0.0,0.0,1589656500,1589656500,1524386791,1.0
5,1524386791,2020-05-16 14:35:00,2020-05-16 19:35:00,76.19,67.0,67.0,15.07,30.0,100.00,0.0,0.0,1589657700,1589657700,1524386791,1.0
6,1524329275,2020-05-25 16:10:00,2020-05-25 21:10:00,64.93,63.0,64.0,29.75,30.0,100.00,0.0,0.0,1590441000,1590441000,1524329275,1.0
7,1524496888,2020-05-28 18:10:00,2020-05-28 23:10:00,71.51,66.0,66.0,27.05,30.0,77.20,0.0,0.0,1590707400,1590707400,1524496888,1.0
8,1524553047,2020-05-15 20:05:00,2020-05-16 01:05:00,68.16,64.0,64.0,29.7,30.0,100.00,0.0,0.0,1589591100,1589591100,1524553047,1.0
9,1524491673,2020-05-24 19:35:00,2020-05-25 00:35:00,71.48,68.0,68.0,24.58,30.0,85.80,0.0,0.0,1590366900,1590366900,1524491673,1.0
10,1524381973,2020-05-22 15:20:00,2020-05-22 20:20:00,61.6,57.0,58.0,55.67,30.0,100.00,0.0,0.0,1590178800,1590178800,1524381973,1.0
11,1524397761,2020-05-06 17:35:00,2020-05-06 22:35:00,68.39,66.0,66.0,29.89,30.0,100.00,0.0,0.0,1588804500,1588804500,1524397761,1.0
12,1524380252,2020-05-19 15:50:00,2020-05-19 20:50:00,68.2,57.0,62.0,30.98,30.0,100.00,0.0,0.0,1589921400,1589921400,1524380252,1.0
13,1524380252,2020-05-19 17:05:00,2020-05-19 22:05:00,68.99,62.0,62.0,30.62,30.0,99.60,0.0,0.0,1589925900,1589925900,1524380252,1.0
14,1524397645,2020-05-06 17:00:00,2020-05-06 22:00:00,71.39,65.0,65.0,28.63,30.0,99.60,0.0,0.0,1588802400,1588802400,1524397645,1.0
15,1524397645,2020-05-06 17:20:00,2020-05-06 22:20:00,69.57,65.0,65.0,29.38,30.0,97.80,0.0,0.0,1588803600,1588803600,1524397645,1.0
16,1524397645,2020-05-06 17:20:00,2020-05-06 22:20:00,69.57,65.0,65.0,29.38,30.0,97.80,0.0,0.0,1588803600,1588803600,1524397645,1.0
17,1524397645,2020-05-06 17:25:00,2020-05-06 22:25:00,66.0,65.0,65.0,30.97,30.0,96.80,0.0,0.0,1588803900,1588803900,1524397645,1.0
18,1524397645,2020-05-06 17:30:00,2020-05-06 22:30:00,67.56,65.0,65.0,30.26,30.0,99.00,0.0,0.0,1588804200,1588804200,1524397645,1.0
19,1524397645,2020-05-06 17:55:00,2020-05-06 22:55:00,74.19,65.0,65.0,27.55,30.0,100.00,0.0,0.0,1588805700,1588805700,1524397645,1.0
20,1524632668,2020-05-06 10:20:00,2020-05-06 15:20:00,65.19,58.0,58.0,34.34,30.0,100.00,0.0,0.0,1588778400,1588778400,1524632668,1.0
21,1524632690,2020-05-06 11:05:00,2020-05-06 16:05:00,71.0,63.0,63.0,27.51,30.0,100.00,0.0,0.0,1588781100,1588781100,1524632690,1.0
22,1524355946,2020-05-19 17:55:00,2020-05-19 22:55:00,60.0,54.0,54.0,22.29,30.0,87.20,0.0,0.0,1589928900,1589928900,1524355946,1.0
23,1524495842,2020-05-25 14:25:00,2020-05-25 19:25:00,74.58,67.0,67.0,29.61,30.0,100.00,0.0,0.0,1590434700,1590434700,1524495842,1.0
24,1524292866,2020-05-22 05:10:00,2020-05-22 10:10:00,71.99,66.0,66.0,40.38,30.0,100.00,0.0,0.0,1590142200,1590142200,1524292866,1.0
25,1524342010,2020-05-06 10:10:00,2020-05-06 15:10:00,56.56,53.0,53.0,18.48,30.0,100.00,0.0,0.0,1588777800,1588777800,1524342010,1.0
26,1524552976,2020-05-21 21:45:00,2020-05-22 02:45:00,71.59,64.0,64.0,28.28,30.0,78.60,0.0,0.0,1590115500,1590115500,1524552976,1.0
27,1524525462,2020-05-20 01:25:00,2020-05-20 06:25:00,50.79,16.0,48.0,50.08,30.0,100.00,0.0,0.0,1589955900,1589955900,1524525462,1.0
28,1524281567,2020-05-20 14:55:00,2020-05-20 19:55:00,62.0,57.0,57.0,38.57,30.0,100.00,0.0,0.0,1590004500,1590004500,1524281567,1.0
29,1524340037,2020-05-19 20:55:00,2020-05-20 01:55:00,46.0,46.0,46.0,46.22,10.0,,0.0,0.0,1589939700,1589939700,1524340037,1.0
30,1524397713,2020-05-14 16:40:00,2020-05-14 21:40:00,71.17,58.0,65.0,28.72,30.0,100.00,0.0,0.0,1589492400,1589492400,1524397713,1.0
31,1524534201,2020-05-14 11:25:00,2020-05-14 16:25:00,65.0,20.0,57.0,51.1,30.0,100.00,0.0,0.0,1589473500,1589473500,1524534201,1.0
32,1524495842,2020-05-10 11:25:00,2020-05-10 16:25:00,73.2,68.0,67.0,30.17,30.0,100.00,0.0,0.0,1589127900,1589127900,1524495842,1.0
33,1524471866,2020-05-09 23:20:00,2020-05-10 04:20:00,67.32,52.0,52.0,15.71,30.0,49.00,0.0,0.0,1589084400,1589084400,1524471866,1.0
34,1524471866,2020-05-10 00:05:00,2020-05-10 05:05:00,55.38,55.0,52.0,19.1,30.0,61.00,0.0,0.0,1589087100,1589087100,1524471866,1.0
35,1524380252,2020-05-21 19:40:00,2020-05-22 00:40:00,63.39,62.0,62.0,33.33,30.0,100.00,0.0,0.0,1590108000,1590108000,1524380252,1.0
36,1524526824,2020-05-21 21:45:00,2020-05-22 02:45:00,56.6,52.0,52.0,52.16,30.0,100.00,0.0,0.0,1590115500,1590115500,1524526824,1.0
37,1524380183,2020-05-22 00:50:00,2020-05-22 05:50:00,68.8,64.0,63.0,30.71,30.0,100.00,0.0,0.0,1590126600,1590126600,1524380183,1.0
38,1524532117,2020-05-22 12:50:00,2020-05-22 17:50:00,62.58,40.0,59.0,40.57,30.0,100.00,0.0,0.0,1590169800,1590169800,1524532117,1.0
39,1524331187,2020-05-10 12:10:00,2020-05-10 17:10:00,75.79,69.0,67.0,28.67,30.0,100.00,0.0,0.0,1589130600,1589130600,1524331187,1.0
40,1524331187,2020-05-10 12:10:00,2020-05-10 17:10:00,75.79,69.0,67.0,28.67,30.0,100.00,0.0,0.0,1589130600,1589130600,1524331187,1.0
41,1524632668,2020-05-16 19:05:00,2020-05-17 00:05:00,66.59,58.0,58.0,33.62,30.0,100.00,0.0,0.0,1589673900,1589673900,1524632668,1.0
42,1524385915,2020-05-17 10:55:00,2020-05-17 15:55:00,76.0,67.0,66.0,26.64,30.0,100.00,0.0,0.0,1589730900,1589730900,1524385915,1.0
43,1524282557,2020-05-22 00:45:00,2020-05-22 05:45:00,74.36,66.0,64.0,14.93,30.0,93.80,0.0,0.0,1590126300,1590126300,1524282557,1.0
44,1524534201,2020-05-30 09:00:00,2020-05-30 14:00:00,62.6,39.0,57.0,53.06,30.0,100.00,0.0,0.0,1590847200,1590847200,1524534201,1.0
45,1524571767,2020-05-10 12:50:00,2020-05-10 17:50:00,73.98,66.0,67.0,30.02,30.0,100.00,0.0,0.0,1589133000,1589133000,1524571767,1.0
46,1524571767,2020-05-10 13:50:00,2020-05-10 18:50:00,72.79,65.0,67.0,30.52,30.0,100.00,0.0,0.0,1589136600,1589136600,1524571767,1.0
47,1524423918,2020-05-22 09:15:00,2020-05-22 14:15:00,49.3,50.0,53.0,24.42,30.0,66.80,0.06981132075471704,0.014000000000000058,1590156900,1590156900,1524423918,1.0
48,1524458023,2020-05-20 21:25:00,2020-05-21 02:25:00,62.94,55.0,55.0,23.07,30.0,97.00,0.0,0.0,1590027900,1590027900,1524458023,1.0
49,1524458023,2020-05-21 17:55:00,2020-05-21 22:55:00,61.54,55.0,55.0,23.59,30.0,100.00,0.0,0.0,1590101700,1590101700,1524458023,1.0
50,1524378099,2020-05-13 11:20:00,2020-05-13 16:20:00,35.28,33.0,55.0,39.19,30.0,100.00,0.3585454545454545,0.0,1589386800,1589386800,1524378099,1.0
51,1524532117,2020-05-15 17:30:00,2020-05-15 22:30:00,62.94,59.0,59.0,40.34,30.0,97.80,0.0,0.0,1589581800,1589581800,1524532117,1.0
52,1524534201,2020-05-26 18:25:00,2020-05-26 23:25:00,66.54,57.0,57.0,49.92,30.0,100.00,0.0,0.0,1590535500,1590535500,1524534201,1.0
53,1524532188,2020-05-21 12:25:00,2020-05-21 17:25:00,14.89,25.0,58.0,23.63,30.0,100.00,0.7432758620689655,0.4044,1590081900,1590081900,1524532188,1.0
54,1524395677,2020-05-30 12:35:00,2020-05-30 17:35:00,57.13,49.0,58.0,44.45,30.0,100.00,0.014999999999999956,0.0,1590860100,1590860100,1524395677,1.0
55,1524394538,2020-05-07 22:15:00,2020-05-08 03:15:00,66.0,64.0,64.0,17.45,30.0,100.00,0.0,0.0,1588907700,1588907700,1524394538,1.0
56,1524536477,2020-05-07 20:10:00,2020-05-08 01:10:00,72.1,67.0,67.0,12.46,30.0,86.00,0.0,0.0,1588900200,1588900200,1524536477,1.0
57,449630937,2020-05-21 09:25:00,2020-05-21 14:25:00,40.48,40.0,60.0,55.3,30.0,100.00,0.32533333333333336,0.0,1590071100,1590071100,449630937,1.0
58,449630937,2020-05-21 13:30:00,2020-05-21 18:30:00,62.8,53.0,60.0,35.65,30.0,100.00,0.0,0.0,1590085800,1590085800,449630937,1.0
59,1524632643,2020-05-26 08:50:00,2020-05-26 13:50:00,65.4,51.0,61.0,13.45,30.0,100.00,0.0,0.0,1590501000,1590501000,1524632643,1.0
60,1524632668,2020-05-26 07:50:00,2020-05-26 12:50:00,61.6,54.0,58.0,36.34,30.0,100.00,0.0,0.0,1590497400,1590497400,1524632668,1.0
61,1524532117,2020-05-21 15:35:00,2020-05-21 20:35:00,59.4,56.0,59.0,42.75,30.0,100.00,0.0,0.0,1590093300,1590093300,1524532117,1.0
62,1524532117,2020-05-21 16:35:00,2020-05-21 21:35:00,63.2,57.0,59.0,40.18,30.0,100.00,0.0,0.0,1590096900,1590096900,1524532117,1.0
63,1524532117,2020-05-21 17:10:00,2020-05-21 22:10:00,70.91,59.0,59.0,35.81,30.0,66.00,0.0,0.0,1590099000,1590099000,1524532117,1.0
64,1524632690,2020-05-25 21:20:00,2020-05-26 02:20:00,65.37,63.0,63.0,29.88,30.0,87.00,0.0,0.0,1590459600,1590459600,1524632690,1.0
65,1524380252,2020-05-08 18:35:00,2020-05-08 23:35:00,70.8,62.0,62.0,29.84,30.0,91.40,0.0,0.0,1588980900,1588980900,1524380252,1.0
66,1524397645,2020-05-08 17:40:00,2020-05-08 22:40:00,68.76,65.0,65.0,29.73,30.0,100.00,0.0,0.0,1588977600,1588977600,1524397645,1.0
67,396070012,2020-05-03 17:20:00,2020-05-03 22:20:00,67.36,56.0,56.0,22.02,30.0,64.20,0.0,0.0,1588544400,1588544400,396070012,1.0
68,396070012,2020-05-03 17:25:00,2020-05-03 22:25:00,68.93,56.0,56.0,21.52,30.0,83.60,0.0,0.0,1588544700,1588544700,396070012,1.0
69,1524545891,2020-05-25 20:45:00,2020-05-26 01:45:00,57.89,56.0,56.0,49.12,18.0,98.00,0.0,0.0,1590457500,1590457500,1524545891,1.0
70,1524308507,2020-05-22 09:55:00,2020-05-22 14:55:00,33.84,59.0,67.0,62.01,30.0,100.00,0.49492537313432833,0.42644067796610163,1590159300,1590159300,1524308507,1.0
71,1524308507,2020-05-22 10:15:00,2020-05-22 15:15:00,76.4,48.0,67.0,27.47,30.0,100.00,0.0,0.0,1590160500,1590160500,1524308507,1.0
72,1524308507,2020-05-22 11:45:00,2020-05-22 16:45:00,78.4,60.0,67.0,26.76,30.0,100.00,0.0,0.0,1590165900,1590165900,1524308507,1.0
73,1524308507,2020-05-22 14:15:00,2020-05-22 19:15:00,77.2,66.0,67.0,27.18,30.0,100.00,0.0,0.0,1590174900,1590174900,1524308507,1.0
74,1524446741,2020-05-13 12:25:00,2020-05-13 17:25:00,60.97,57.0,57.0,56.95,30.0,100.00,0.0,0.0,1589390700,1589390700,1524446741,1.0
75,1524274331,2020-05-02 16:15:00,2020-05-02 21:15:00,70.59,62.0,65.0,28.96,30.0,100.00,0.0,0.0,1588454100,1588454100,1524274331,1.0
76,1524274331,2020-05-02 16:25:00,2020-05-02 21:25:00,71.75,62.0,65.0,28.49,30.0,100.00,0.0,0.0,1588454700,1588454700,1524274331,1.0
77,1524357761,2020-05-22 08:55:00,2020-05-22 13:55:00,66.59,58.0,60.0,25.77,30.0,100.00,0.0,0.0,1590155700,1590155700,1524357761,1.0
78,1524632668,2020-05-18 11:15:00,2020-05-18 16:15:00,62.39,56.0,58.0,35.88,30.0,100.00,0.0,0.0,1589818500,1589818500,1524632668,1.0
79,1524632668,2020-05-18 13:50:00,2020-05-18 18:50:00,66.11,59.0,58.0,33.86,30.0,100.00,0.0,0.0,1589827800,1589827800,1524632668,1.0
80,1524554178,2020-05-12 19:40:00,2020-05-13 00:40:00,69.0,69.0,69.0,27.3,30.0,99.80,0.0,0.0,1589330400,1589330400,1524554178,1.0
81,1524389631,2020-05-08 12:45:00,2020-05-08 17:45:00,61.79,26.0,53.0,29.19,30.0,100.00,0.0,0.0,1588959900,1588959900,1524389631,1.0
82,1524535907,2020-05-26 16:30:00,2020-05-26 21:30:00,61.59,56.0,56.0,9.67,30.0,100.00,0.0,0.0,1590528600,1590528600,1524535907,1.0
83,1524540861,2020-05-13 16:25:00,2020-05-13 21:25:00,64.99,56.0,57.0,53.46,30.0,100.00,0.0,0.0,1589405100,1589405100,1524540861,1.0
84,1524540861,2020-05-13 16:45:00,2020-05-13 21:45:00,63.4,56.0,57.0,54.81,30.0,100.00,0.0,0.0,1589406300,1589406300,1524540861,1.0
85,1524552976,2020-05-31 12:45:00,2020-05-31 17:45:00,77.0,66.0,64.0,26.29,30.0,100.00,0.0,0.0,1590947100,1590947100,1524552976,1.0
86,1524552976,2020-05-31 12:55:00,2020-05-31 17:55:00,75.4,66.0,64.0,26.85,30.0,100.00,0.0,0.0,1590947700,1590947700,1524552976,1.0
87,1524610332,2020-05-18 11:50:00,2020-05-18 16:50:00,66.96,61.0,62.0,45.07,30.0,100.00,0.0,0.0,1589820600,1589820600,1524610332,1.0
88,1524610332,2020-05-18 12:15:00,2020-05-18 17:15:00,70.8,61.0,62.0,42.62,30.0,100.00,0.0,0.0,1589822100,1589822100,1524610332,1.0
89,1524397814,2020-05-13 14:00:00,2020-05-13 19:00:00,73.59,62.0,65.0,27.78,30.0,100.00,0.0,0.0,1589396400,1589396400,1524397814,1.0
90,1524369074,2020-05-04 11:25:00,2020-05-04 16:25:00,63.79,44.0,57.0,21.02,30.0,100.00,0.0,0.0,1588609500,1588609500,1524369074,1.0
91,1524581366,2020-05-29 19:00:00,2020-05-30 00:00:00,68.2,66.0,66.0,32.14,30.0,90.00,0.0,0.0,1590796800,1590796800,1524581366,1.0
92,1524581366,2020-05-29 19:00:00,2020-05-30 00:00:00,68.2,66.0,66.0,32.14,30.0,90.00,0.0,0.0,1590796800,1590796800,1524581366,1.0
93,1524581366,2020-05-29 19:05:00,2020-05-30 00:05:00,69.0,66.0,66.0,31.76,30.0,95.00,0.0,0.0,1590797100,1590797100,1524581366,1.0
94,1524581366,2020-05-29 19:05:00,2020-05-30 00:05:00,69.0,66.0,66.0,31.76,30.0,95.00,0.0,0.0,1590797100,1590797100,1524581366,1.0
95,1524395150,2020-05-18 13:05:00,2020-05-18 18:05:00,71.48,49.0,64.0,25.32,30.0,100.00,0.0,0.0,1589825100,1589825100,1524395150,1.0
96,1524395150,2020-05-18 13:20:00,2020-05-18 18:20:00,71.4,49.0,64.0,25.35,30.0,100.00,0.0,0.0,1589826000,1589826000,1524395150,1.0
97,1524393513,2020-05-19 15:55:00,2020-05-19 20:55:00,75.0,67.0,67.0,7.17,30.0,100.00,0.0,0.0,1589921700,1589921700,1524393513,1.0
98,1524393558,2020-05-19 15:45:00,2020-05-19 20:45:00,70.4,66.0,66.0,13.31,30.0,100.00,0.0,0.0,1589921100,1589921100,1524393558,1.0
99,1524632668,2020-05-13 06:20:00,2020-05-13 11:20:00,58.59,45.0,58.0,38.21,30.0,100.00,0.0,0.0,1589368800,1589368800,1524632668,1.0
100,1524632668,2020-05-13 06:45:00,2020-05-13 11:45:00,58.99,45.0,58.0,37.95,30.0,100.00,0.0,0.0,1589370300,1589370300,1524632668,1.0
101,1524397645,2020-05-01 17:45:00,2020-05-01 22:45:00,77.75,65.0,65.0,26.29,30.0,94.80,0.0,0.0,1588373100,1588373100,1524397645,1.0
102,1524397645,2020-05-01 18:05:00,2020-05-01 23:05:00,71.12,65.0,65.0,28.74,30.0,96.80,0.0,0.0,1588374300,1588374300,1524397645,1.0
103,1524632690,2020-05-13 00:05:00,2020-05-13 05:05:00,65.8,51.0,63.0,29.68,30.0,100.00,0.0,0.0,1589346300,1589346300,1524632690,1.0
104,1524314938,2020-05-26 08:40:00,2020-05-26 13:40:00,73.78,64.0,65.0,41.53,30.0,100.00,0.0,0.0,1590500400,1590500400,1524314938,1.0
105,1524545914,2020-05-11 23:40:00,2020-05-12 04:40:00,62.47,57.0,57.0,25.8,30.0,86.20,0.0,0.0,1589258400,1589258400,1524545914,1.0
106,1524397645,2020-05-21 18:30:00,2020-05-21 23:30:00,69.77,65.0,65.0,29.3,30.0,97.20,0.0,0.0,1590103800,1590103800,1524397645,1.0
107,1524535933,2020-05-19 17:45:00,2020-05-19 22:45:00,55.4,51.0,51.0,19.05,30.0,100.00,0.0,0.0,1589928300,1589928300,1524535933,1.0
108,1524632690,2020-05-08 09:00:00,2020-05-08 14:00:00,71.2,62.0,63.0,27.43,30.0,100.00,0.0,0.0,1588946400,1588946400,1524632690,1.0
109,1524632690,2020-05-08 09:15:00,2020-05-08 14:15:00,72.5,62.0,63.0,26.94,30.0,100.00,0.0,0.0,1588947300,1588947300,1524632690,1.0
110,449630938,2020-05-30 00:30:00,2020-05-30 05:30:00,67.6,62.0,59.0,29.73,30.0,100.00,0.0,0.0,1590816600,1590816600,449630938,1.0
111,1524563590,2020-05-22 09:55:00,2020-05-22 14:55:00,72.17,68.0,67.0,24.71,30.0,100.00,0.0,0.0,1590159300,1590159300,1524563590,1.0
112,1524493512,2020-05-31 13:40:00,2020-05-31 18:40:00,62.98,56.0,56.0,41.11,30.0,100.00,0.0,0.0,1590950400,1590950400,1524493512,1.0
113,1524493512,2020-05-31 14:00:00,2020-05-31 19:00:00,64.58,57.0,56.0,40.09,30.0,100.00,0.0,0.0,1590951600,1590951600,1524493512,1.0
114,1524495796,2020-05-19 15:15:00,2020-05-19 20:15:00,73.39,66.0,66.0,32.14,30.0,100.00,0.0,0.0,1589919300,1589919300,1524495796,1.0
115,1524308481,2020-05-22 14:15:00,2020-05-22 19:15:00,75.79,66.0,68.0,27.68,30.0,100.00,0.0,0.0,1590174900,1590174900,1524308481,1.0
116,1524446741,2020-05-25 21:30:00,2020-05-26 02:30:00,56.59,57.0,57.0,61.35,30.0,96.00,0.007192982456140291,0.007192982456140291,1590460200,1590460200,1524446741,1.0
117,1524313670,2020-05-13 07:10:00,2020-05-13 12:10:00,73.37,65.0,65.0,38.15,30.0,100.00,0.0,0.0,1589371800,1589371800,1524313670,1.0
118,1524313670,2020-05-13 07:15:00,2020-05-13 12:15:00,72.8,65.0,65.0,38.45,30.0,100.00,0.0,0.0,1589372100,1589372100,1524313670,1.0
119,1524313621,2020-05-12 22:25:00,2020-05-13 03:25:00,72.72,65.0,65.0,27.84,30.0,57.00,0.0,0.0,1589340300,1589340300,1524313621,1.0
120,1524313621,2020-05-13 06:20:00,2020-05-13 11:20:00,73.36,65.0,65.0,27.59,30.0,100.00,0.0,0.0,1589368800,1589368800,1524313621,1.0
121,1524331259,2020-05-18 00:40:00,2020-05-18 05:40:00,77.39,68.0,67.0,19.18,30.0,100.00,0.0,0.0,1589780400,1589780400,1524331259,1.0
122,1524331259,2020-05-18 11:40:00,2020-05-18 16:40:00,75.99,67.0,67.0,19.53,30.0,100.00,0.0,0.0,1589820000,1589820000,1524331259,1.0
123,1524313548,2020-05-12 22:15:00,2020-05-13 03:15:00,67.79,65.0,65.0,29.86,30.0,94.60,0.0,0.0,1589339700,1589339700,1524313548,1.0
124,1524540861,2020-05-19 16:35:00,2020-05-19 21:35:00,63.0,55.0,57.0,55.15,30.0,100.00,0.0,0.0,1589924100,1589924100,1524540861,1.0
125,1524283401,2020-05-29 22:00:00,2020-05-30 03:00:00,66.78,65.0,65.0,32.04,30.0,91.00,0.0,0.0,1590807600,1590807600,1524283401,1.0
126,1524380252,2020-05-12 09:25:00,2020-05-12 14:25:00,66.59,53.0,62.0,31.72,30.0,100.00,0.0,0.0,1589293500,1589293500,1524380252,1.0
127,1524380252,2020-05-12 09:35:00,2020-05-12 14:35:00,66.0,53.0,62.0,32.01,30.0,100.00,0.0,0.0,1589294100,1589294100,1524380252,1.0
128,1524380183,2020-05-12 09:15:00,2020-05-12 14:15:00,67.39,57.0,63.0,31.35,30.0,100.00,0.0,0.0,1589292900,1589292900,1524380183,1.0
129,1524331187,2020-05-17 05:05:00,2020-05-17 10:05:00,73.36,68.0,67.0,29.62,30.0,100.00,0.0,0.0,1589709900,1589709900,1524331187,1.0
130,1524283355,2020-05-22 10:00:00,2020-05-22 15:00:00,66.59,60.0,62.0,32.13,30.0,100.00,0.0,0.0,1590159600,1590159600,1524283355,1.0
131,1524283355,2020-05-22 10:15:00,2020-05-22 15:15:00,68.37,60.0,62.0,31.29,30.0,100.00,0.0,0.0,1590160500,1590160500,1524283355,1.0
132,1524283355,2020-05-22 12:00:00,2020-05-22 17:00:00,71.19,56.0,62.0,30.06,30.0,100.00,0.0,0.0,1590166800,1590166800,1524283355,1.0
133,1524508207,2020-05-30 16:15:00,2020-05-30 21:15:00,58.0,58.0,59.0,36.81,20.0,,0.01694915254237288,0.0,1590873300,1590873300,1524508207,1.0
134,1524381973,2020-05-25 17:20:00,2020-05-25 22:20:00,64.2,58.0,58.0,53.41,30.0,100.00,0.0,0.0,1590445200,1590445200,1524381973,1.0
135,1524381973,2020-05-25 17:40:00,2020-05-25 22:40:00,65.96,58.0,58.0,51.98,30.0,93.80,0.0,0.0,1590446400,1590446400,1524381973,1.0
136,1524610332,2020-05-22 11:45:00,2020-05-22 16:45:00,69.58,47.0,62.0,43.37,30.0,100.00,0.0,0.0,1590165900,1590165900,1524610332,1.0
137,396070012,2020-05-01 15:05:00,2020-05-01 20:05:00,62.76,50.0,56.0,23.63,30.0,100.00,0.0,0.0,1588363500,1588363500,396070012,1.0
138,1524380252,2020-05-21 18:55:00,2020-05-21 23:55:00,62.79,62.0,62.0,33.64,30.0,100.00,0.0,0.0,1590105300,1590105300,1524380252,1.0
139,449630937,2020-05-17 09:15:00,2020-05-17 14:15:00,66.0,55.0,60.0,33.92,30.0,100.00,0.0,0.0,1589724900,1589724900,449630937,1.0
140,1524532117,2020-05-17 09:10:00,2020-05-17 14:10:00,64.4,35.0,59.0,39.43,30.0,100.00,0.0,0.0,1589724600,1589724600,1524532117,1.0
141,1524292844,2020-05-30 14:05:00,2020-05-30 19:05:00,74.19,66.0,66.0,19.26,30.0,100.00,0.0,0.0,1590865500,1590865500,1524292844,1.0
142,1524615243,2020-05-21 17:15:00,2020-05-21 22:15:00,72.57,66.0,66.0,33.26,30.0,100.00,0.0,0.0,1590099300,1590099300,1524615243,1.0
143,1524389631,2020-05-21 13:50:00,2020-05-21 18:50:00,60.2,30.0,53.0,29.97,30.0,100.00,0.0,0.0,1590087000,1590087000,1524389631,1.0
144,1524473921,2020-05-30 15:50:00,2020-05-30 20:50:00,69.0,62.0,63.0,5.78,30.0,100.00,0.0,0.0,1590871800,1590871800,1524473921,1.0
145,1524393583,2020-05-22 20:20:00,2020-05-23 01:20:00,50.0,67.0,67.0,21.52,30.0,9.80,0.2537313432835821,0.2537313432835821,1590196800,1590196800,1524393583,1.0
146,1524277419,2020-05-10 18:05:00,2020-05-10 23:05:00,63.79,60.0,60.0,9.68,30.0,89.20,0.0,0.0,1589151900,1589151900,1524277419,1.0
147,1524378121,2020-05-22 05:35:00,2020-05-22 10:35:00,68.98,56.0,61.0,17.73,30.0,100.00,0.0,0.0,1590143700,1590143700,1524378121,1.0
148,1524378121,2020-05-22 08:20:00,2020-05-22 13:20:00,68.79,38.0,61.0,17.78,30.0,100.00,0.0,0.0,1590153600,1590153600,1524378121,1.0
149,1524584469,2020-05-22 00:55:00,2020-05-22 05:55:00,79.0,66.0,66.0,15.03,30.0,100.00,0.0,0.0,1590126900,1590126900,1524584469,1.0
150,1524337831,2020-05-19 17:25:00,2020-05-19 22:25:00,64.73,57.0,57.0,11.76,30.0,100.00,0.0,0.0,1589927100,1589927100,1524337831,1.0
151,1524277419,2020-05-18 15:15:00,2020-05-18 20:15:00,64.59,58.0,60.0,9.56,30.0,100.00,0.0,0.0,1589832900,1589832900,1524277419,1.0
152,1524277419,2020-05-18 15:25:00,2020-05-18 20:25:00,65.79,58.0,60.0,9.38,30.0,100.00,0.0,0.0,1589833500,1589833500,1524277419,1.0
153,1524277419,2020-05-18 15:55:00,2020-05-18 20:55:00,63.39,58.0,60.0,9.74,30.0,100.00,0.0,0.0,1589835300,1589835300,1524277419,1.0
154,1524277398,2020-05-18 16:05:00,2020-05-18 21:05:00,60.99,56.0,58.0,18.91,30.0,100.00,0.0,0.0,1589835900,1589835900,1524277398,1.0
155,1524525462,2020-05-22 08:15:00,2020-05-22 13:15:00,50.7,32.0,48.0,50.17,30.0,92.80,0.0,0.0,1590153300,1590153300,1524525462,1.0
156,1524491626,2020-05-22 12:45:00,2020-05-22 17:45:00,73.6,68.0,68.0,26.89,30.0,100.00,0.0,0.0,1590169500,1590169500,1524491626,1.0
157,1524466730,2020-05-22 08:20:00,2020-05-22 13:20:00,48.03,29.0,47.0,22.42,30.0,100.00,0.0,0.0,1590153600,1590153600,1524466730,1.0
158,1524598530,2020-05-22 09:20:00,2020-05-22 14:20:00,65.33,59.0,59.0,19.51,30.0,100.00,0.0,0.0,1590157200,1590157200,1524598530,1.0
159,1524568682,2020-05-02 17:25:00,2020-05-02 22:25:00,74.5,67.0,67.0,26.85,30.0,100.00,0.0,0.0,1588458300,1588458300,1524568682,1.0
160,1524471866,2020-05-06 19:35:00,2020-05-07 00:35:00,61.98,52.0,52.0,17.07,30.0,60.60,0.0,0.0,1588811700,1588811700,1524471866,1.0
161,449621937,2020-05-18 12:30:00,2020-05-18 17:30:00,73.16,63.0,66.0,27.64,30.0,100.00,0.0,0.0,1589823000,1589823000,449621937,1.0
162,1524621603,2020-05-06 20:45:00,2020-05-07 01:45:00,61.4,62.0,62.0,29.55,30.0,91.80,0.009677419354838733,0.009677419354838733,1588815900,1588815900,1524621603,1.0
163,461626140,2020-05-02 17:45:00,2020-05-02 22:45:00,72.55,65.0,66.0,17.86,30.0,89.00,0.0,0.0,1588459500,1588459500,461626140,1.0
164,1524410791,2020-05-11 16:10:00,2020-05-11 21:10:00,62.2,57.0,58.0,30.55,30.0,96.20,0.0,0.0,1589231400,1589231400,1524410791,1.0
165,1524348693,2020-05-02 13:55:00,2020-05-02 18:55:00,75.35,67.0,66.0,25.33,30.0,100.00,0.0,0.0,1588445700,1588445700,1524348693,1.0
166,1524373060,2020-05-22 15:35:00,2020-05-22 20:35:00,53.6,52.0,55.0,9.98,30.0,100.00,0.025454545454545428,0.0,1590179700,1590179700,1524373060,1.0
167,461626140,2020-05-23 22:10:00,2020-05-24 03:10:00,64.18,66.0,66.0,20.19,30.0,64.40,0.027575757575757472,0.027575757575757472,1590289800,1590289800,461626140,1.0
168,461626140,2020-05-23 23:15:00,2020-05-24 04:15:00,66.78,65.0,66.0,19.4,30.0,96.40,0.0,0.0,1590293700,1590293700,461626140,1.0
169,1524292911,2020-05-05 17:45:00,2020-05-05 22:45:00,67.79,63.0,63.0,46.6,30.0,97.20,0.0,0.0,1588718700,1588718700,1524292911,1.0
170,1524389631,2020-05-15 16:40:00,2020-05-15 21:40:00,58.99,52.0,53.0,30.58,30.0,100.00,0.0,0.0,1589578800,1589578800,1524389631,1.0
171,1524458023,2020-05-15 01:30:00,2020-05-15 06:30:00,62.2,38.0,55.0,23.35,30.0,100.00,0.0,0.0,1589524200,1589524200,1524458023,1.0
172,1524532188,2020-05-15 16:55:00,2020-05-15 21:55:00,60.18,57.0,58.0,5.85,30.0,100.00,0.0,0.0,1589579700,1589579700,1524532188,1.0
173,1524397645,2020-05-22 17:55:00,2020-05-22 22:55:00,70.19,65.0,65.0,29.12,30.0,100.00,0.0,0.0,1590188100,1590188100,1524397645,1.0
174,396160294,2020-05-02 18:15:00,2020-05-02 23:15:00,76.77,66.0,66.0,16.27,30.0,76.00,0.0,0.0,1588461300,1588461300,396160294,1.0
175,1524397713,2020-05-06 20:40:00,2020-05-07 01:40:00,69.2,65.0,65.0,29.54,30.0,98.20,0.0,0.0,1588815600,1588815600,1524397713,1.0
176,1524493512,2020-05-04 21:05:00,2020-05-05 02:05:00,69.15,56.0,56.0,37.45,30.0,40.60,0.0,0.0,1588644300,1588644300,1524493512,1.0
177,1524581432,2020-05-11 08:25:00,2020-05-11 13:25:00,18.82,67.0,67.0,104.5,30.0,100.00,0.7191044776119403,0.7191044776119403,1589203500,1589203500,1524581432,1.0
178,1524581366,2020-05-11 13:15:00,2020-05-11 18:15:00,73.98,63.0,66.0,29.62,30.0,100.00,0.0,0.0,1589220900,1589220900,1524581366,1.0
179,1524397788,2020-05-06 20:10:00,2020-05-07 01:10:00,64.34,60.0,60.0,33.62,30.0,87.60,0.0,0.0,1588813800,1588813800,1524397788,1.0
180,1524581456,2020-05-11 07:55:00,2020-05-11 12:55:00,69.99,67.0,67.0,28.1,30.0,100.00,0.0,0.0,1589201700,1589201700,1524581456,1.0
181,1524471866,2020-05-08 06:45:00,2020-05-08 11:45:00,47.59,33.0,52.0,22.22,30.0,100.00,0.08480769230769224,0.0,1588938300,1588938300,1524471866,1.0
182,1524318097,2020-05-24 17:50:00,2020-05-24 22:50:00,68.99,65.0,65.0,29.38,30.0,100.00,0.0,0.0,1590360600,1590360600,1524318097,1.0
183,1524397645,2020-05-20 01:00:00,2020-05-20 06:00:00,74.98,65.0,65.0,27.26,30.0,100.00,0.0,0.0,1589954400,1589954400,1524397645,1.0
184,1524397645,2020-05-20 01:45:00,2020-05-20 06:45:00,69.99,65.0,65.0,29.21,30.0,100.00,0.0,0.0,1589957100,1589957100,1524397645,1.0
185,1524571792,2020-05-02 18:25:00,2020-05-02 23:25:00,79.6,67.0,67.0,27.91,30.0,45.20,0.0,0.0,1588461900,1588461900,1524571792,1.0
186,1524632668,2020-05-07 06:50:00,2020-05-07 11:50:00,64.98,41.0,58.0,34.45,30.0,100.00,0.0,0.0,1588852200,1588852200,1524632668,1.0
187,461634577,2020-05-23 23:35:00,2020-05-24 04:35:00,73.19,64.0,66.0,9.18,30.0,64.20,0.0,0.0,1590294900,1590294900,461634577,1.0
188,1524385915,2020-05-01 21:50:00,2020-05-02 02:50:00,68.0,66.0,66.0,29.77,30.0,97.60,0.0,0.0,1588387800,1588387800,1524385915,1.0
189,1524534201,2020-05-20 14:50:00,2020-05-20 19:50:00,64.16,54.0,57.0,51.77,30.0,100.00,0.0,0.0,1590004200,1590004200,1524534201,1.0
190,1524466730,2020-05-01 18:55:00,2020-05-01 23:55:00,45.0,47.0,47.0,23.92,30.0,83.80,0.0425531914893617,0.0425531914893617,1588377300,1588377300,1524466730,1.0
191,1524491646,2020-05-21 14:40:00,2020-05-21 19:40:00,74.38,69.0,68.0,23.63,30.0,100.00,0.0,0.0,1590090000,1590090000,1524491646,1.0
192,1524621603,2020-05-16 18:25:00,2020-05-16 23:25:00,72.26,62.0,62.0,25.1,30.0,100.00,0.0,0.0,1589671500,1589671500,1524621603,1.0
193,1524632668,2020-05-20 08:05:00,2020-05-20 13:05:00,53.58,53.0,58.0,41.78,30.0,100.00,0.07620689655172416,0.0,1589979900,1589979900,1524632668,1.0
194,1524632668,2020-05-20 13:10:00,2020-05-20 18:10:00,64.18,58.0,58.0,34.88,30.0,100.00,0.0,0.0,1589998200,1589998200,1524632668,1.0
195,1524632668,2020-05-20 13:30:00,2020-05-20 18:30:00,64.6,58.0,58.0,34.66,30.0,100.00,0.0,0.0,1589999400,1589999400,1524632668,1.0
196,1524632668,2020-05-20 13:50:00,2020-05-20 18:50:00,65.2,58.0,58.0,34.34,30.0,100.00,0.0,0.0,1590000600,1590000600,1524632668,1.0
197,1524632690,2020-05-20 16:10:00,2020-05-20 21:10:00,67.54,62.0,63.0,28.92,30.0,100.00,0.0,0.0,1590009000,1590009000,1524632690,1.0
198,1524581456,2020-05-07 10:30:00,2020-05-07 15:30:00,75.0,60.0,67.0,26.22,30.0,100.00,0.0,0.0,1588865400,1588865400,1524581456,1.0
199,1524581456,2020-05-07 10:45:00,2020-05-07 15:45:00,71.0,60.0,67.0,27.7,30.0,100.00,0.0,0.0,1588866300,1588866300,1524581456,1.0
200,1524293001,2020-05-16 06:10:00,2020-05-16 11:10:00,70.0,62.0,63.0,31.34,30.0,100.00,0.0,0.0,1589627400,1589627400,1524293001,1.0
201,1524313670,2020-05-29 17:25:00,2020-05-29 22:25:00,69.79,65.0,65.0,40.11,30.0,100.00,0.0,0.0,1590791100,1590791100,1524313670,1.0
202,1524313670,2020-05-29 17:40:00,2020-05-29 22:40:00,71.19,65.0,65.0,39.33,30.0,100.00,0.0,0.0,1590792000,1590792000,1524313670,1.0
203,1524535956,2020-05-15 17:00:00,2020-05-15 22:00:00,61.0,55.0,55.0,10.8,30.0,100.00,0.0,0.0,1589580000,1589580000,1524535956,1.0
204,1524369146,2020-05-27 22:10:00,2020-05-28 03:10:00,61.54,55.0,55.0,10.13,30.0,83.80,0.0,0.0,1590635400,1590635400,1524369146,1.0
205,1524369146,2020-05-28 06:20:00,2020-05-28 11:20:00,57.8,51.0,55.0,10.79,30.0,100.00,0.0,0.0,1590664800,1590664800,1524369146,1.0
206,1524483826,2020-05-16 11:10:00,2020-05-16 16:10:00,44.75,44.0,49.0,21.39,30.0,100.00,0.08673469387755102,0.0,1589645400,1589645400,1524483826,1.0
207,1524483826,2020-05-16 14:50:00,2020-05-16 19:50:00,51.19,49.0,49.0,18.7,30.0,100.00,0.0,0.0,1589658600,1589658600,1524483826,1.0
208,1524369146,2020-05-11 15:40:00,2020-05-11 20:40:00,48.59,55.0,55.0,12.83,30.0,100.00,0.11654545454545448,0.11654545454545448,1589229600,1589229600,1524369146,1.0
209,396070012,2020-05-28 13:25:00,2020-05-28 18:25:00,62.4,33.0,56.0,23.77,30.0,100.00,0.0,0.0,1590690300,1590690300,396070012,1.0
210,396070012,2020-05-28 14:05:00,2020-05-28 19:05:00,56.55,49.0,56.0,26.23,30.0,100.00,0.0,0.0,1590692700,1590692700,396070012,1.0
211,1524446741,2020-05-15 18:20:00,2020-05-15 23:20:00,62.8,57.0,57.0,55.29,30.0,97.20,0.0,0.0,1589584800,1589584800,1524446741,1.0
212,396070012,2020-05-29 11:40:00,2020-05-29 16:40:00,46.17,24.0,56.0,32.12,30.0,100.00,0.17553571428571427,0.0,1590770400,1590770400,396070012,1.0
213,1524491646,2020-05-29 06:40:00,2020-05-29 11:40:00,72.39,69.0,68.0,24.28,30.0,100.00,0.0,0.0,1590752400,1590752400,1524491646,1.0
214,1524491646,2020-05-29 07:25:00,2020-05-29 12:25:00,74.99,69.0,68.0,23.43,30.0,100.00,0.0,0.0,1590755100,1590755100,1524491646,1.0
215,1524420829,2020-05-16 08:15:00,2020-05-16 13:15:00,18.67,68.0,67.0,103.6,30.0,100.00,0.7213432835820895,0.7254411764705883,1589634900,1589634900,1524420829,1.0
216,1524420829,2020-05-16 08:25:00,2020-05-16 13:25:00,24.42,68.0,67.0,79.2,30.0,100.00,0.6355223880597015,0.6408823529411765,1589635500,1589635500,1524420829,1.0
217,1524420829,2020-05-16 08:35:00,2020-05-16 13:35:00,68.94,68.0,67.0,28.05,30.0,100.00,0.0,0.0,1589636100,1589636100,1524420829,1.0
218,1524420829,2020-05-16 10:20:00,2020-05-16 15:20:00,66.19,68.0,67.0,29.22,30.0,100.00,0.012089552238806004,0.026617647058823562,1589642400,1589642400,1524420829,1.0
219,1524420829,2020-05-16 11:00:00,2020-05-16 16:00:00,61.98,67.0,67.0,31.2,30.0,100.00,0.0749253731343284,0.0749253731343284,1589644800,1589644800,1524420829,1.0
220,1524420829,2020-05-16 11:15:00,2020-05-16 16:15:00,66.79,67.0,67.0,28.96,30.0,100.00,0.003134328358208862,0.003134328358208862,1589645700,1589645700,1524420829,1.0
221,1524420829,2020-05-16 12:00:00,2020-05-16 17:00:00,59.18,67.0,67.0,32.68,30.0,100.00,0.11671641791044776,0.11671641791044776,1589648400,1589648400,1524420829,1.0
222,1524420829,2020-05-16 12:00:00,2020-05-16 17:00:00,59.18,67.0,67.0,32.68,30.0,100.00,0.11671641791044776,0.11671641791044776,1589648400,1589648400,1524420829,1.0
223,1524420829,2020-05-16 13:50:00,2020-05-16 18:50:00,70.4,67.0,67.0,27.47,30.0,100.00,0.0,0.0,1589655000,1589655000,1524420829,1.0
224,1524420829,2020-05-16 15:10:00,2020-05-16 20:10:00,69.4,66.0,67.0,27.87,30.0,100.00,0.0,0.0,1589659800,1589659800,1524420829,1.0
225,1524420829,2020-05-16 16:45:00,2020-05-16 21:45:00,75.37,66.0,67.0,25.66,30.0,96.20,0.0,0.0,1589665500,1589665500,1524420829,1.0
226,1524420829,2020-05-16 16:50:00,2020-05-16 21:50:00,73.58,66.0,67.0,26.28,30.0,100.00,0.0,0.0,1589665800,1589665800,1524420829,1.0
227,1524420829,2020-05-16 17:40:00,2020-05-16 22:40:00,67.39,67.0,67.0,28.7,30.0,100.00,0.0,0.0,1589668800,1589668800,1524420829,1.0
228,1524420874,2020-05-16 15:00:00,2020-05-16 20:00:00,72.9,66.0,67.0,24.43,30.0,100.00,0.0,0.0,1589659200,1589659200,1524420874,1.0
229,1524329182,2020-05-11 19:35:00,2020-05-12 00:35:00,68.0,61.0,61.0,24.55,30.0,71.20,0.0,0.0,1589243700,1589243700,1524329182,1.0
230,1524329256,2020-05-27 11:45:00,2020-05-27 16:45:00,56.0,37.0,55.0,16.98,30.0,100.00,0.0,0.0,1590597900,1590597900,1524329256,1.0
231,1524540861,2020-05-15 16:10:00,2020-05-15 21:10:00,60.78,54.0,57.0,57.16,30.0,100.00,0.0,0.0,1589577000,1589577000,1524540861,1.0
232,1524393558,2020-05-27 14:35:00,2020-05-27 19:35:00,69.99,68.0,66.0,13.39,30.0,100.00,0.0,0.0,1590608100,1590608100,1524393558,1.0
233,1524397761,2020-05-15 16:35:00,2020-05-15 21:35:00,73.99,63.0,66.0,27.63,30.0,100.00,0.0,0.0,1589578500,1589578500,1524397761,1.0
234,1524491626,2020-05-30 15:15:00,2020-05-30 20:15:00,74.18,69.0,68.0,26.68,30.0,100.00,0.0,0.0,1590869700,1590869700,1524491626,1.0
235,1524342010,2020-05-27 00:25:00,2020-05-27 05:25:00,53.79,53.0,53.0,19.43,30.0,100.00,0.0,0.0,1590557100,1590557100,1524342010,1.0
236,1524342010,2020-05-27 09:10:00,2020-05-27 14:10:00,52.0,51.0,53.0,20.1,30.0,100.00,0.018867924528301886,0.0,1590588600,1590588600,1524342010,1.0
237,1524356973,2020-05-27 08:30:00,2020-05-27 13:30:00,63.99,62.0,62.0,31.95,30.0,100.00,0.0,0.0,1590586200,1590586200,1524356973,1.0
238,1524315445,2020-05-27 05:15:00,2020-05-27 10:15:00,65.6,61.0,62.0,16.94,30.0,100.00,0.0,0.0,1590574500,1590574500,1524315445,1.0
239,1524315445,2020-05-27 05:35:00,2020-05-27 10:35:00,65.99,61.0,62.0,16.84,30.0,100.00,0.0,0.0,1590575700,1590575700,1524315445,1.0
240,1524315445,2020-05-27 12:00:00,2020-05-27 17:00:00,67.79,13.0,62.0,16.39,30.0,100.00,0.0,0.0,1590598800,1590598800,1524315445,1.0
241,1524315445,2020-05-27 13:05:00,2020-05-27 18:05:00,68.99,23.0,62.0,16.11,30.0,100.00,0.0,0.0,1590602700,1590602700,1524315445,1.0
242,1524381973,2020-05-27 10:45:00,2020-05-27 15:45:00,30.9,22.0,58.0,110.96,30.0,100.00,0.4672413793103449,0.0,1590594300,1590594300,1524381973,1.0
243,1524329256,2020-05-05 00:30:00,2020-05-05 05:30:00,63.17,58.0,55.0,15.05,30.0,99.40,0.0,0.0,1588656600,1588656600,1524329256,1.0
244,1524454680,2020-05-27 11:35:00,2020-05-27 16:35:00,64.4,28.0,58.0,6.43,30.0,100.00,0.0,0.0,1590597300,1590597300,1524454680,1.0
245,1524282557,2020-05-02 16:15:00,2020-05-02 21:15:00,71.39,62.0,64.0,15.55,30.0,100.00,0.0,0.0,1588454100,1588454100,1524282557,1.0
246,1524314938,2020-05-11 17:10:00,2020-05-11 22:10:00,72.18,65.0,65.0,42.45,30.0,95.80,0.0,0.0,1589235000,1589235000,1524314938,1.0
247,1524314938,2020-05-11 17:15:00,2020-05-11 22:15:00,71.98,65.0,65.0,42.57,30.0,97.00,0.0,0.0,1589235300,1589235300,1524314938,1.0
248,1524314938,2020-05-11 17:20:00,2020-05-11 22:20:00,73.2,65.0,65.0,41.86,30.0,93.40,0.0,0.0,1589235600,1589235600,1524314938,1.0
249,449630937,2020-05-27 00:25:00,2020-05-27 05:25:00,63.79,58.0,60.0,35.09,30.0,100.00,0.0,0.0,1590557100,1590557100,449630937,1.0
250,449630938,2020-05-27 05:55:00,2020-05-27 10:55:00,60.97,57.0,59.0,32.96,30.0,100.00,0.0,0.0,1590576900,1590576900,449630938,1.0
251,449630938,2020-05-27 06:25:00,2020-05-27 11:25:00,54.6,57.0,59.0,36.81,30.0,100.00,0.07457627118644065,0.042105263157894715,1590578700,1590578700,449630938,1.0
252,1524373132,2020-05-11 12:45:00,2020-05-11 17:45:00,59.59,27.0,54.0,14.51,30.0,97.80,0.0,0.0,1589219100,1589219100,1524373132,1.0
253,1524315445,2020-05-04 21:35:00,2020-05-05 02:35:00,66.77,62.0,62.0,16.65,30.0,96.80,0.0,0.0,1588646100,1588646100,1524315445,1.0
254,1524315445,2020-05-05 13:15:00,2020-05-05 18:15:00,70.57,14.0,62.0,15.75,30.0,100.00,0.0,0.0,1588702500,1588702500,1524315445,1.0
255,1524388378,2020-05-05 12:25:00,2020-05-05 17:25:00,71.18,65.0,66.0,26.27,30.0,100.00,0.0,0.0,1588699500,1588699500,1524388378,1.0
256,1524632668,2020-05-15 14:55:00,2020-05-15 19:55:00,65.79,51.0,58.0,34.03,30.0,100.00,0.0,0.0,1589572500,1589572500,1524632668,1.0
257,1524632668,2020-05-15 14:55:00,2020-05-15 19:55:00,65.79,51.0,58.0,34.03,30.0,100.00,0.0,0.0,1589572500,1589572500,1524632668,1.0
258,1524446741,2020-05-29 06:00:00,2020-05-29 11:00:00,63.58,54.0,57.0,54.6,30.0,100.00,0.0,0.0,1590750000,1590750000,1524446741,1.0
259,1524495752,2020-05-29 15:40:00,2020-05-29 20:40:00,74.57,67.0,67.0,27.11,30.0,93.00,0.0,0.0,1590784800,1590784800,1524495752,1.0
260,1524277351,2020-05-27 12:05:00,2020-05-27 17:05:00,67.59,56.0,60.0,40.54,30.0,100.00,0.0,0.0,1590599100,1590599100,1524277351,1.0
261,1524593260,2020-05-15 17:05:00,2020-05-15 22:05:00,69.79,63.0,63.0,29.29,30.0,100.00,0.0,0.0,1589580300,1589580300,1524593260,1.0
262,1524540861,2020-05-11 16:10:00,2020-05-11 21:10:00,63.55,56.0,57.0,54.67,30.0,100.00,0.0,0.0,1589231400,1589231400,1524540861,1.0
263,1524540861,2020-05-29 14:10:00,2020-05-29 19:10:00,62.4,54.0,57.0,55.69,30.0,100.00,0.0,0.0,1590779400,1590779400,1524540861,1.0
264,1524540861,2020-05-29 14:15:00,2020-05-29 19:15:00,63.6,54.0,57.0,54.64,30.0,100.00,0.0,0.0,1590779700,1590779700,1524540861,1.0
265,1524540861,2020-05-29 14:25:00,2020-05-29 19:25:00,61.39,54.0,57.0,56.6,30.0,100.00,0.0,0.0,1590780300,1590780300,1524540861,1.0
266,1524540861,2020-05-29 15:05:00,2020-05-29 20:05:00,64.8,53.0,57.0,53.62,30.0,100.00,0.0,0.0,1590782700,1590782700,1524540861,1.0
267,1524395677,2020-05-27 17:00:00,2020-05-27 22:00:00,61.78,58.0,58.0,41.1,30.0,100.00,0.0,0.0,1590616800,1590616800,1524395677,1.0
268,1524545914,2020-05-26 21:40:00,2020-05-27 02:40:00,57.59,57.0,57.0,27.99,30.0,87.20,0.0,0.0,1590547200,1590547200,1524545914,1.0
269,1524333913,2020-05-29 16:30:00,2020-05-29 21:30:00,55.2,53.0,53.0,28.29,30.0,100.00,0.0,0.0,1590787800,1590787800,1524333913,1.0
270,1524632668,2020-05-29 07:10:00,2020-05-29 12:10:00,54.33,40.0,58.0,41.2,30.0,100.00,0.06327586206896554,0.0,1590754200,1590754200,1524632668,1.0
271,1524274331,2020-05-15 17:00:00,2020-05-15 22:00:00,70.37,65.0,65.0,29.05,30.0,100.00,0.0,0.0,1589580000,1589580000,1524274331,1.0
272,1524610332,2020-05-27 02:00:00,2020-05-27 07:00:00,65.8,14.0,62.0,45.86,30.0,100.00,0.0,0.0,1590562800,1590562800,1524610332,1.0
273,1524397761,2020-05-04 20:50:00,2020-05-05 01:50:00,68.99,66.0,66.0,29.63,30.0,87.20,0.0,0.0,1588643400,1588643400,1524397761,1.0
274,1524407744,2020-05-04 19:25:00,2020-05-05 00:25:00,63.78,57.0,57.0,14.39,30.0,45.60,0.0,0.0,1588638300,1588638300,1524407744,1.0
275,1524329182,2020-05-28 10:25:00,2020-05-28 15:25:00,65.0,51.0,61.0,25.69,30.0,100.00,0.0,0.0,1590679500,1590679500,1524329182,1.0
276,1524397788,2020-05-05 13:40:00,2020-05-05 18:40:00,69.19,14.0,60.0,31.26,30.0,100.00,0.0,0.0,1588704000,1588704000,1524397788,1.0
277,1524526872,2020-05-27 08:55:00,2020-05-27 13:55:00,51.8,45.0,47.0,38.31,30.0,100.00,0.0,0.0,1590587700,1590587700,1524526872,1.0
278,1524526872,2020-05-27 09:10:00,2020-05-27 14:10:00,50.18,35.0,47.0,39.55,30.0,100.00,0.0,0.0,1590588600,1590588600,1524526872,1.0
279,1524526872,2020-05-27 09:15:00,2020-05-27 14:15:00,48.0,35.0,47.0,41.34,30.0,100.00,0.0,0.0,1590588900,1590588900,1524526872,1.0
280,1524331139,2020-05-26 21:45:00,2020-05-27 02:45:00,58.4,59.0,59.0,20.2,30.0,78.40,0.010169491525423752,0.010169491525423752,1590547500,1590547500,1524331139,1.0
281,1524381950,2020-05-14 21:00:00,2020-05-15 02:00:00,62.72,60.0,60.0,24.81,30.0,90.40,0.0,0.0,1589508000,1589508000,1524381950,1.0
282,1524491673,2020-05-24 18:40:00,2020-05-24 23:40:00,75.38,68.0,68.0,23.32,30.0,99.80,0.0,0.0,1590363600,1590363600,1524491673,1.0
283,1524452145,2020-05-28 14:05:00,2020-05-28 19:05:00,74.58,66.0,67.0,11.64,30.0,100.00,0.0,0.0,1590692700,1590692700,1524452145,1.0
284,1524313670,2020-05-07 13:50:00,2020-05-07 18:50:00,71.6,64.0,65.0,39.1,30.0,100.00,0.0,0.0,1588877400,1588877400,1524313670,1.0
285,1524313621,2020-05-07 11:10:00,2020-05-07 16:10:00,71.0,64.0,65.0,28.51,30.0,100.00,0.0,0.0,1588867800,1588867800,1524313621,1.0
286,1524545891,2020-05-27 22:45:00,2020-05-28 03:45:00,63.0,56.0,56.0,45.14,30.0,78.00,0.0,0.0,1590637500,1590637500,1524545891,1.0
287,1524545891,2020-05-27 23:15:00,2020-05-28 04:15:00,65.1,56.0,56.0,43.68,30.0,81.40,0.0,0.0,1590639300,1590639300,1524545891,1.0
288,1524308595,2020-05-05 08:00:00,2020-05-05 13:00:00,71.77,67.0,67.0,29.24,30.0,100.00,0.0,0.0,1588683600,1588683600,1524308595,1.0
289,1524491606,2020-05-07 14:00:00,2020-05-07 19:00:00,73.31,69.0,68.0,23.97,30.0,100.00,0.0,0.0,1588878000,1588878000,1524491606,1.0
290,429334806,2020-05-20 15:50:00,2020-05-20 20:50:00,60.18,56.0,55.0,13.15,30.0,88.40,0.0,0.0,1590007800,1590007800,429334806,1.0
291,1524274331,2020-05-07 17:55:00,2020-05-07 22:55:00,71.4,65.0,65.0,28.63,30.0,100.00,0.0,0.0,1588892100,1588892100,1524274331,1.0
292,1524313548,2020-05-04 21:25:00,2020-05-05 02:25:00,66.8,65.0,65.0,30.31,30.0,92.60,0.0,0.0,1588645500,1588645500,1524313548,1.0
293,1524313548,2020-05-04 21:35:00,2020-05-05 02:35:00,68.79,65.0,65.0,29.43,30.0,86.60,0.0,0.0,1588646100,1588646100,1524313548,1.0
294,1524373132,2020-05-27 19:30:00,2020-05-28 00:30:00,60.44,54.0,54.0,14.3,30.0,90.40,0.0,0.0,1590625800,1590625800,1524373132,1.0
295,1524540861,2020-05-20 16:25:00,2020-05-20 21:25:00,62.0,56.0,57.0,56.04,30.0,100.00,0.0,0.0,1590009900,1590009900,1524540861,1.0
296,1524540861,2020-05-20 16:35:00,2020-05-20 21:35:00,63.38,56.0,57.0,54.82,30.0,100.00,0.0,0.0,1590010500,1590010500,1524540861,1.0
297,1524568834,2020-05-28 06:30:00,2020-05-28 11:30:00,72.18,68.0,68.0,27.71,30.0,100.00,0.0,0.0,1590665400,1590665400,1524568834,1.0
298,1524283355,2020-05-11 16:45:00,2020-05-11 21:45:00,76.57,62.0,62.0,27.95,30.0,40.00,0.0,0.0,1589233500,1589233500,1524283355,1.0
299,1524373060,2020-05-28 06:35:00,2020-05-28 11:35:00,55.99,50.0,55.0,9.56,30.0,100.00,0.0,0.0,1590665700,1590665700,1524373060,1.0
300,1524314938,2020-05-24 17:20:00,2020-05-24 22:20:00,74.93,65.0,65.0,40.89,30.0,84.20,0.0,0.0,1590358800,1590358800,1524314938,1.0
301,1524495863,2020-05-24 16:45:00,2020-05-24 21:45:00,74.57,67.0,67.0,29.61,30.0,100.00,0.0,0.0,1590356700,1590356700,1524495863,1.0
302,1524630631,2020-05-14 08:25:00,2020-05-14 13:25:00,51.15,39.0,47.0,65.69,30.0,100.00,0.0,0.0,1589462700,1589462700,1524630631,1.0
303,1524630631,2020-05-14 08:30:00,2020-05-14 13:30:00,51.59,39.0,47.0,65.13,30.0,100.00,0.0,0.0,1589463000,1589463000,1524630631,1.0
304,1524397645,2020-05-28 16:45:00,2020-05-28 21:45:00,74.59,57.0,65.0,27.4,30.0,100.00,0.0,0.0,1590702300,1590702300,1524397645,1.0
305,1524397645,2020-05-28 17:35:00,2020-05-28 22:35:00,75.0,65.0,65.0,27.25,30.0,100.00,0.0,0.0,1590705300,1590705300,1524397645,1.0
306,1524397645,2020-05-28 17:45:00,2020-05-28 22:45:00,68.4,65.0,65.0,29.89,30.0,98.00,0.0,0.0,1590705900,1590705900,1524397645,1.0
307,1524397645,2020-05-28 17:45:00,2020-05-28 22:45:00,68.4,65.0,65.0,29.89,30.0,98.00,0.0,0.0,1590705900,1590705900,1524397645,1.0
308,1524571671,2020-05-14 15:00:00,2020-05-14 20:00:00,72.53,61.0,62.0,30.63,30.0,100.00,0.0,0.0,1589486400,1589486400,1524571671,1.0
309,1524397788,2020-05-28 17:00:00,2020-05-28 22:00:00,63.8,60.0,60.0,33.9,30.0,100.00,0.0,0.0,1590703200,1590703200,1524397788,1.0
310,1524563195,2020-05-14 13:10:00,2020-05-14 18:10:00,61.59,59.0,58.0,20.57,30.0,100.00,0.0,0.0,1589479800,1589479800,1524563195,1.0
311,1524342010,2020-05-13 06:55:00,2020-05-13 11:55:00,53.0,45.0,53.0,19.72,30.0,100.00,0.0,0.0,1589370900,1589370900,1524342010,1.0
312,1524632668,2020-05-27 22:35:00,2020-05-28 03:35:00,62.36,58.0,58.0,35.9,30.0,92.40,0.0,0.0,1590636900,1590636900,1524632668,1.0
313,396160424,2020-05-27 20:00:00,2020-05-28 01:00:00,67.89,68.0,68.0,26.83,30.0,88.80,0.001617647058823521,0.001617647058823521,1590627600,1590627600,396160424,1.0
314,1524308595,2020-05-28 16:05:00,2020-05-28 21:05:00,71.0,68.0,67.0,29.55,30.0,100.00,0.0,0.0,1590699900,1590699900,1524308595,1.0
315,1524440182,2020-05-14 17:50:00,2020-05-14 22:50:00,71.77,65.0,65.0,15.36,30.0,94.00,0.0,0.0,1589496600,1589496600,1524440182,1.0
316,1524292934,2020-05-28 12:45:00,2020-05-28 17:45:00,70.2,30.0,63.0,32.16,30.0,100.00,0.0,0.0,1590687900,1590687900,1524292934,1.0
317,1524277338,2020-05-13 18:50:00,2020-05-13 23:50:00,66.8,63.0,63.0,35.24,30.0,88.40,0.0,0.0,1589413800,1589413800,1524277338,1.0
318,1524378099,2020-05-14 16:45:00,2020-05-14 21:45:00,49.59,54.0,55.0,27.88,30.0,85.00,0.0983636363636363,0.08166666666666661,1589492700,1589492700,1524378099,1.0
319,449574908,2020-05-28 06:55:00,2020-05-28 11:55:00,75.79,67.0,67.0,18.31,30.0,100.00,0.0,0.0,1590666900,1590666900,449574908,1.0
320,449574908,2020-05-28 07:00:00,2020-05-28 12:00:00,71.71,67.0,67.0,19.35,30.0,100.00,0.0,0.0,1590667200,1590667200,449574908,1.0
321,449574908,2020-05-28 07:15:00,2020-05-28 12:15:00,77.17,67.0,67.0,17.98,30.0,88.20,0.0,0.0,1590668100,1590668100,449574908,1.0
322,1524395436,2020-05-28 18:35:00,2020-05-28 23:35:00,70.0,67.0,67.0,21.13,30.0,99.00,0.0,0.0,1590708900,1590708900,1524395436,1.0
323,1524274331,2020-05-28 00:15:00,2020-05-28 05:15:00,69.59,65.0,65.0,29.37,30.0,83.20,0.0,0.0,1590642900,1590642900,1524274331,1.0
324,1524395677,2020-05-13 11:20:00,2020-05-13 16:20:00,31.27,33.0,58.0,81.2,30.0,100.00,0.46086206896551724,0.052424242424242436,1589386800,1589386800,1524395677,1.0
325,1524375478,2020-05-14 16:50:00,2020-05-14 21:50:00,47.8,48.0,48.0,45.95,30.0,100.00,0.004166666666666726,0.004166666666666726,1589493000,1589493000,1524375478,1.0
326,1524534201,2020-05-31 14:35:00,2020-05-31 19:35:00,65.39,53.0,57.0,50.8,30.0,100.00,0.0,0.0,1590953700,1590953700,1524534201,1.0
327,1524329182,2020-05-06 18:40:00,2020-05-06 23:40:00,66.98,61.0,61.0,24.93,30.0,94.60,0.0,0.0,1588808400,1588808400,1524329182,1.0
328,1524493512,2020-05-13 16:30:00,2020-05-13 21:30:00,65.94,55.0,56.0,39.27,30.0,90.40,0.0,0.0,1589405400,1589405400,1524493512,1.0
329,1524552976,2020-05-14 17:30:00,2020-05-14 22:30:00,71.99,64.0,64.0,28.12,30.0,100.00,0.0,0.0,1589495400,1589495400,1524552976,1.0
330,1524632668,2020-05-31 10:45:00,2020-05-31 15:45:00,68.39,51.0,58.0,32.73,30.0,100.00,0.0,0.0,1590939900,1590939900,1524632668,1.0
331,1524633281,2020-05-06 18:35:00,2020-05-06 23:35:00,61.9,60.0,60.0,32.94,18.0,100.00,0.0,0.0,1588808100,1588808100,1524633281,1.0
332,1524635232,2020-05-14 16:40:00,2020-05-14 21:40:00,57.0,56.0,55.0,22.45,30.0,100.00,0.0,0.0,1589492400,1589492400,1524635232,1.0
333,1524381973,2020-05-28 16:15:00,2020-05-28 21:15:00,63.99,57.0,58.0,53.58,30.0,100.00,0.0,0.0,1590700500,1590700500,1524381973,1.0
334,1524493512,2020-05-14 13:25:00,2020-05-14 18:25:00,61.99,31.0,56.0,41.77,30.0,100.00,0.0,0.0,1589480700,1589480700,1524493512,1.0
335,1524395110,2020-05-14 15:40:00,2020-05-14 20:40:00,74.38,65.0,65.0,33.0,30.0,99.40,0.0,0.0,1589488800,1589488800,1524395110,1.0
336,1524380252,2020-05-28 16:40:00,2020-05-28 21:40:00,68.8,60.0,62.0,30.71,30.0,100.00,0.0,0.0,1590702000,1590702000,1524380252,1.0
337,1524380183,2020-05-13 15:45:00,2020-05-13 20:45:00,66.99,61.0,63.0,31.54,30.0,100.00,0.0,0.0,1589402700,1589402700,1524380183,1.0
338,1524380183,2020-05-13 16:10:00,2020-05-13 21:10:00,69.4,61.0,63.0,30.44,30.0,100.00,0.0,0.0,1589404200,1589404200,1524380183,1.0
339,1524380183,2020-05-13 16:40:00,2020-05-13 21:40:00,71.92,61.0,63.0,29.37,30.0,100.00,0.0,0.0,1589406000,1589406000,1524380183,1.0
340,1524535933,2020-05-06 11:25:00,2020-05-06 16:25:00,50.98,23.0,51.0,20.7,30.0,100.00,0.00039215686274515933,0.0,1588782300,1588782300,1524535933,1.0
341,1524410791,2020-05-19 15:00:00,2020-05-19 20:00:00,62.6,56.0,58.0,30.36,30.0,100.00,0.0,0.0,1589918400,1589918400,1524410791,1.0
342,1524313621,2020-05-31 15:40:00,2020-05-31 20:40:00,74.39,64.0,65.0,27.21,30.0,100.00,0.0,0.0,1590957600,1590957600,1524313621,1.0
343,1524532117,2020-05-28 15:10:00,2020-05-28 20:10:00,61.6,56.0,59.0,41.22,30.0,100.00,0.0,0.0,1590696600,1590696600,1524532117,1.0
344,1524615243,2020-05-13 21:05:00,2020-05-14 02:05:00,67.18,66.0,66.0,35.92,30.0,83.40,0.0,0.0,1589421900,1589421900,1524615243,1.0
345,1524446741,2020-05-06 10:10:00,2020-05-06 15:10:00,64.18,57.0,57.0,54.09,30.0,100.00,0.0,0.0,1588777800,1588777800,1524446741,1.0
346,1524446741,2020-05-06 10:10:00,2020-05-06 15:10:00,64.18,57.0,57.0,54.09,30.0,100.00,0.0,0.0,1588777800,1588777800,1524446741,1.0
347,1524446741,2020-05-06 10:55:00,2020-05-06 15:55:00,61.48,57.0,57.0,56.47,30.0,100.00,0.0,0.0,1588780500,1588780500,1524446741,1.0
348,1524493512,2020-05-19 17:30:00,2020-05-19 22:30:00,62.78,56.0,56.0,41.24,30.0,97.40,0.0,0.0,1589927400,1589927400,1524493512,1.0
349,396070012,2020-05-14 11:40:00,2020-05-14 16:40:00,58.59,24.0,56.0,25.31,30.0,100.00,0.0,0.0,1589474400,1589474400,396070012,1.0
350,1524315445,2020-05-12 12:40:00,2020-05-12 17:40:00,67.0,10.0,62.0,16.59,30.0,100.00,0.0,0.0,1589305200,1589305200,1524315445,1.0
351,1524315445,2020-05-12 13:10:00,2020-05-12 18:10:00,68.99,14.0,62.0,16.11,30.0,100.00,0.0,0.0,1589307000,1589307000,1524315445,1.0
352,461634577,2020-05-12 13:40:00,2020-05-12 18:40:00,70.57,65.0,66.0,9.52,30.0,100.00,0.0,0.0,1589308800,1589308800,461634577,1.0
353,396160294,2020-05-12 12:55:00,2020-05-12 17:55:00,69.46,63.0,66.0,17.99,30.0,100.00,0.0,0.0,1589306100,1589306100,396160294,1.0
354,396160294,2020-05-12 12:55:00,2020-05-12 17:55:00,69.46,63.0,66.0,17.99,30.0,100.00,0.0,0.0,1589306100,1589306100,396160294,1.0
355,396160294,2020-05-12 14:00:00,2020-05-12 19:00:00,69.19,66.0,66.0,18.06,30.0,100.00,0.0,0.0,1589310000,1589310000,396160294,1.0
356,1524457321,2020-05-01 08:10:00,2020-05-01 13:10:00,22.44,65.0,65.0,67.3,30.0,100.00,0.6547692307692308,0.6547692307692308,1588338600,1588338600,1524457321,1.0
357,1524382021,2020-05-29 11:25:00,2020-05-29 16:25:00,43.19,12.0,59.0,33.37,30.0,100.00,0.2679661016949153,0.0,1590769500,1590769500,1524382021,1.0
358,1524369074,2020-05-16 14:45:00,2020-05-16 19:45:00,63.39,54.0,57.0,21.15,30.0,100.00,0.0,0.0,1589658300,1589658300,1524369074,1.0
359,1524342010,2020-05-29 06:00:00,2020-05-29 11:00:00,55.78,43.0,53.0,18.73,30.0,100.00,0.0,0.0,1590750000,1590750000,1524342010,1.0
360,1524342010,2020-05-29 07:05:00,2020-05-29 12:05:00,51.8,45.0,53.0,20.18,30.0,100.00,0.022641509433962318,0.0,1590753900,1590753900,1524342010,1.0
361,1524381950,2020-05-29 16:35:00,2020-05-29 21:35:00,65.0,39.0,60.0,23.94,30.0,100.00,0.0,0.0,1590788100,1590788100,1524381950,1.0
362,1524380183,2020-05-23 12:20:00,2020-05-23 17:20:00,72.19,59.0,63.0,29.26,30.0,100.00,0.0,0.0,1590254400,1590254400,1524380183,1.0
363,1524283401,2020-05-29 15:55:00,2020-05-29 20:55:00,70.2,64.0,65.0,30.48,30.0,100.00,0.0,0.0,1590785700,1590785700,1524283401,1.0
364,1524621603,2020-05-06 18:10:00,2020-05-06 23:10:00,62.97,62.0,62.0,28.8,30.0,47.60,0.0,0.0,1588806600,1588806600,1524621603,1.0
365,396162474,2020-05-15 19:30:00,2020-05-16 00:30:00,67.0,66.0,66.0,11.21,30.0,93.40,0.0,0.0,1589589000,1589589000,396162474,1.0
366,1524454680,2020-05-29 15:30:00,2020-05-29 20:30:00,62.98,55.0,58.0,6.57,30.0,99.80,0.0,0.0,1590784200,1590784200,1524454680,1.0
367,1524394555,2020-05-29 14:05:00,2020-05-29 19:05:00,69.2,61.0,61.0,38.62,30.0,100.00,0.0,0.0,1590779100,1590779100,1524394555,1.0
368,1524458023,2020-05-23 12:45:00,2020-05-23 17:45:00,65.19,31.0,55.0,22.28,30.0,100.00,0.0,0.0,1590255900,1590255900,1524458023,1.0
369,1524532188,2020-05-16 13:20:00,2020-05-16 18:20:00,64.23,55.0,58.0,5.48,30.0,100.00,0.0,0.0,1589653200,1589653200,1524532188,1.0
370,1524369074,2020-05-22 21:10:00,2020-05-23 02:10:00,61.59,57.0,57.0,21.77,30.0,91.60,0.0,0.0,1590199800,1590199800,1524369074,1.0
371,1524369074,2020-05-22 21:50:00,2020-05-23 02:50:00,66.0,57.0,57.0,20.31,30.0,87.80,0.0,0.0,1590202200,1590202200,1524369074,1.0
372,1524339987,2020-05-01 13:55:00,2020-05-01 18:55:00,62.99,45.0,47.0,51.72,30.0,84.40,0.0,0.0,1588359300,1588359300,1524339987,1.0
373,449630937,2020-05-16 06:25:00,2020-05-16 11:25:00,66.4,55.0,60.0,33.72,30.0,100.00,0.0,0.0,1589628300,1589628300,449630937,1.0
374,1524331139,2020-05-29 13:50:00,2020-05-29 18:50:00,64.77,52.0,59.0,18.21,30.0,100.00,0.0,0.0,1590778200,1590778200,1524331139,1.0
375,1524532117,2020-05-16 12:30:00,2020-05-16 17:30:00,63.0,46.0,59.0,40.31,30.0,100.00,0.0,0.0,1589650200,1589650200,1524532117,1.0
376,1524615243,2020-05-01 01:25:00,2020-05-01 06:25:00,74.38,67.0,66.0,32.45,30.0,100.00,0.0,0.0,1588314300,1588314300,1524615243,1.0
377,1524615243,2020-05-01 02:30:00,2020-05-01 07:30:00,71.39,67.0,66.0,33.81,30.0,100.00,0.0,0.0,1588318200,1588318200,1524615243,1.0
378,1524293001,2020-05-29 13:35:00,2020-05-29 18:35:00,70.39,58.0,63.0,31.16,30.0,100.00,0.0,0.0,1590777300,1590777300,1524293001,1.0
379,1524293001,2020-05-29 13:45:00,2020-05-29 18:45:00,70.39,58.0,63.0,31.16,30.0,100.00,0.0,0.0,1590777900,1590777900,1524293001,1.0
380,1524581366,2020-05-29 18:55:00,2020-05-29 23:55:00,68.4,66.0,66.0,32.04,30.0,95.60,0.0,0.0,1590796500,1590796500,1524581366,1.0
381,1524540861,2020-05-11 19:30:00,2020-05-12 00:30:00,63.39,57.0,57.0,54.81,30.0,93.60,0.0,0.0,1589243400,1589243400,1524540861,1.0
382,1524540861,2020-05-11 23:30:00,2020-05-12 04:30:00,61.99,57.0,57.0,56.05,30.0,97.40,0.0,0.0,1589257800,1589257800,1524540861,1.0
383,1524540861,2020-05-12 09:00:00,2020-05-12 14:00:00,59.94,47.0,57.0,57.97,30.0,100.00,0.0,0.0,1589292000,1589292000,1524540861,1.0
384,1524375478,2020-05-06 16:45:00,2020-05-06 21:45:00,53.96,49.0,48.0,40.7,30.0,98.20,0.0,0.0,1588801500,1588801500,1524375478,1.0
385,449630937,2020-05-29 06:15:00,2020-05-29 11:15:00,66.0,53.0,60.0,33.92,30.0,100.00,0.0,0.0,1590750900,1590750900,449630937,1.0
386,449630937,2020-05-29 07:05:00,2020-05-29 12:05:00,36.76,48.0,60.0,60.89,30.0,100.00,0.38733333333333336,0.23416666666666672,1590753900,1590753900,449630937,1.0
387,1524292911,2020-05-29 15:10:00,2020-05-29 20:10:00,72.0,63.0,63.0,43.88,30.0,100.00,0.0,0.0,1590783000,1590783000,1524292911,1.0
388,1524422142,2020-05-20 15:00:00,2020-05-20 20:00:00,66.38,60.0,60.0,36.29,30.0,100.00,0.0,0.0,1590004800,1590004800,1524422142,1.0
389,1524338317,2020-05-20 07:50:00,2020-05-20 12:50:00,69.34,66.0,65.0,36.2,30.0,100.00,0.0,0.0,1589979000,1589979000,1524338317,1.0
390,1524483826,2020-05-21 12:35:00,2020-05-21 17:35:00,15.36,7.0,49.0,62.34,30.0,89.40,0.686530612244898,0.0,1590082500,1590082500,1524483826,1.0
391,1524422142,2020-05-09 11:10:00,2020-05-09 16:10:00,69.6,61.0,60.0,34.61,30.0,100.00,0.0,0.0,1589040600,1589040600,1524422142,1.0
392,1524457394,2020-05-16 15:10:00,2020-05-16 20:10:00,69.0,64.0,65.0,21.88,30.0,100.00,0.0,0.0,1589659800,1589659800,1524457394,1.0
393,396160294,2020-05-20 09:35:00,2020-05-20 14:35:00,71.6,65.0,66.0,17.45,30.0,100.00,0.0,0.0,1589985300,1589985300,396160294,1.0
394,1524397788,2020-05-12 12:50:00,2020-05-12 17:50:00,66.33,9.0,60.0,32.61,30.0,88.80,0.0,0.0,1589305800,1589305800,1524397788,1.0
395,1524355946,2020-05-23 05:40:00,2020-05-23 10:40:00,61.37,53.0,54.0,21.79,30.0,100.00,0.0,0.0,1590230400,1590230400,1524355946,1.0
396,1524534201,2020-05-11 23:25:00,2020-05-12 04:25:00,67.17,57.0,57.0,49.45,30.0,92.20,0.0,0.0,1589257500,1589257500,1524534201,1.0
397,1524355946,2020-05-20 04:00:00,2020-05-20 09:00:00,53.2,48.0,54.0,25.14,30.0,100.00,0.014814814814814762,0.0,1589965200,1589965200,1524355946,1.0
398,1524493512,2020-05-08 12:30:00,2020-05-08 17:30:00,63.0,34.0,56.0,41.1,30.0,100.00,0.0,0.0,1588959000,1588959000,1524493512,1.0
399,1524457394,2020-05-04 10:55:00,2020-05-04 15:55:00,70.93,66.0,65.0,21.29,30.0,100.00,0.0,0.0,1588607700,1588607700,1524457394,1.0
400,1524313670,2020-05-20 09:20:00,2020-05-20 14:20:00,70.15,65.0,65.0,39.91,30.0,100.00,0.0,0.0,1589984400,1589984400,1524313670,1.0
401,1524313670,2020-05-20 10:25:00,2020-05-20 15:25:00,71.18,65.0,65.0,39.33,30.0,100.00,0.0,0.0,1589988300,1589988300,1524313670,1.0
402,1524339912,2020-05-16 14:40:00,2020-05-16 19:40:00,59.15,56.0,55.0,11.71,30.0,100.00,0.0,0.0,1589658000,1589658000,1524339912,1.0
403,1524446741,2020-05-21 09:10:00,2020-05-21 14:10:00,55.8,55.0,57.0,62.22,30.0,100.00,0.02105263157894742,0.0,1590070200,1590070200,1524446741,1.0
404,1524292911,2020-05-24 12:10:00,2020-05-24 17:10:00,71.0,63.0,63.0,44.49,30.0,100.00,0.0,0.0,1590340200,1590340200,1524292911,1.0
405,1524292911,2020-05-24 12:30:00,2020-05-24 17:30:00,69.8,63.0,63.0,45.26,30.0,100.00,0.0,0.0,1590341400,1590341400,1524292911,1.0
406,1524632715,2020-05-27 11:45:00,2020-05-27 16:45:00,68.79,63.0,62.0,6.47,30.0,100.00,0.0,0.0,1590597900,1590597900,1524632715,1.0
407,1524535907,2020-05-22 20:45:00,2020-05-23 01:45:00,61.4,56.0,56.0,9.7,30.0,99.60,0.0,0.0,1590198300,1590198300,1524535907,1.0
408,1524535907,2020-05-23 15:10:00,2020-05-23 20:10:00,59.76,53.0,56.0,9.96,30.0,100.00,0.0,0.0,1590264600,1590264600,1524535907,1.0
409,1524632643,2020-05-27 11:30:00,2020-05-27 16:30:00,66.4,61.0,61.0,13.25,30.0,100.00,0.0,0.0,1590597000,1590597000,1524632643,1.0
410,1524632690,2020-05-27 05:45:00,2020-05-27 10:45:00,64.76,45.0,63.0,30.16,30.0,100.00,0.0,0.0,1590576300,1590576300,1524632690,1.0
411,1524632690,2020-05-27 05:55:00,2020-05-27 10:55:00,64.72,45.0,63.0,30.18,30.0,100.00,0.0,0.0,1590576900,1590576900,1524632690,1.0
412,1524632690,2020-05-27 05:55:00,2020-05-27 10:55:00,64.72,45.0,63.0,30.18,30.0,100.00,0.0,0.0,1590576900,1590576900,1524632690,1.0
413,1524331187,2020-05-04 11:55:00,2020-05-04 16:55:00,73.79,67.0,67.0,29.44,30.0,100.00,0.0,0.0,1588611300,1588611300,1524331187,1.0
414,1524535883,2020-05-23 15:00:00,2020-05-23 20:00:00,62.01,54.0,56.0,12.35,30.0,100.00,0.0,0.0,1590264000,1590264000,1524535883,1.0
415,1524381973,2020-05-01 16:30:00,2020-05-01 21:30:00,62.18,43.0,58.0,55.14,30.0,98.60,0.0,0.0,1588368600,1588368600,1524381973,1.0
416,1524540861,2020-05-02 20:15:00,2020-05-03 01:15:00,70.1,57.0,57.0,49.56,30.0,64.20,0.0,0.0,1588468500,1588468500,1524540861,1.0
417,1524540861,2020-05-02 20:25:00,2020-05-03 01:25:00,62.0,57.0,57.0,56.04,30.0,90.20,0.0,0.0,1588469100,1588469100,1524540861,1.0
418,1524395080,2020-05-02 20:15:00,2020-05-03 01:15:00,68.94,67.0,67.0,24.5,14.0,46.00,0.0,0.0,1588468500,1588468500,1524395080,1.0
419,1524342010,2020-05-21 13:25:00,2020-05-21 18:25:00,54.78,52.0,53.0,19.08,30.0,100.00,0.0,0.0,1590085500,1590085500,1524342010,1.0
420,1524393583,2020-05-09 15:35:00,2020-05-09 20:35:00,72.98,66.0,67.0,14.74,30.0,100.00,0.0,0.0,1589056500,1589056500,1524393583,1.0
421,1524378053,2020-05-16 14:45:00,2020-05-16 19:45:00,68.19,59.0,60.0,31.15,30.0,100.00,0.0,0.0,1589658300,1589658300,1524378053,1.0
422,1524305012,2020-05-16 14:25:00,2020-05-16 19:25:00,58.6,47.0,52.0,22.93,30.0,100.00,0.0,0.0,1589657100,1589657100,1524305012,1.0
423,1524397713,2020-05-03 17:20:00,2020-05-03 22:20:00,68.56,65.0,65.0,29.82,30.0,98.60,0.0,0.0,1588544400,1588544400,1524397713,1.0
424,1524394555,2020-05-31 11:45:00,2020-05-31 16:45:00,66.4,62.0,61.0,40.25,30.0,100.00,0.0,0.0,1590943500,1590943500,1524394555,1.0
425,1524397741,2020-05-03 18:40:00,2020-05-03 23:40:00,70.16,66.0,66.0,29.13,30.0,95.80,0.0,0.0,1588549200,1588549200,1524397741,1.0
426,1524397761,2020-05-03 14:40:00,2020-05-03 19:40:00,74.58,65.0,66.0,27.41,30.0,100.00,0.0,0.0,1588534800,1588534800,1524397761,1.0
427,1524397761,2020-05-03 17:25:00,2020-05-03 22:25:00,75.79,66.0,66.0,26.97,30.0,74.00,0.0,0.0,1588544700,1588544700,1524397761,1.0
428,1524342010,2020-05-26 08:15:00,2020-05-26 13:15:00,55.8,49.0,53.0,18.73,30.0,100.00,0.0,0.0,1590498900,1590498900,1524342010,1.0
429,1524593260,2020-05-08 18:05:00,2020-05-08 23:05:00,74.8,63.0,63.0,27.33,30.0,100.00,0.0,0.0,1588979100,1588979100,1524593260,1.0
430,1524389631,2020-05-20 07:35:00,2020-05-20 12:35:00,16.39,28.0,53.0,110.09,30.0,100.00,0.6907547169811321,0.41464285714285715,1589978100,1589978100,1524389631,1.0
431,429334806,2020-05-22 22:05:00,2020-05-23 03:05:00,57.12,55.0,55.0,13.86,30.0,53.40,0.0,0.0,1590203100,1590203100,429334806,1.0
432,1524329256,2020-05-08 08:45:00,2020-05-08 13:45:00,46.72,50.0,55.0,20.35,30.0,100.00,0.15054545454545457,0.06560000000000002,1588945500,1588945500,1524329256,1.0
433,1524450762,2020-05-21 17:45:00,2020-05-21 22:45:00,51.0,51.0,51.0,16.58,10.0,,0.0,0.0,1590101100,1590101100,1524450762,1.0
434,1524450762,2020-05-21 17:50:00,2020-05-21 22:50:00,51.0,51.0,51.0,16.58,10.0,,0.0,0.0,1590101400,1590101400,1524450762,1.0
435,1524417970,2020-05-08 12:15:00,2020-05-08 17:15:00,72.39,61.0,63.0,27.1,30.0,100.00,0.0,0.0,1588958100,1588958100,1524417970,1.0
436,1524417970,2020-05-08 12:50:00,2020-05-08 17:50:00,70.79,61.0,63.0,27.72,30.0,100.00,0.0,0.0,1588960200,1588960200,1524417970,1.0
437,1524417996,2020-05-08 12:50:00,2020-05-08 17:50:00,71.99,62.0,64.0,29.73,30.0,100.00,0.0,0.0,1588960200,1588960200,1524417996,1.0
438,1524545891,2020-05-16 13:45:00,2020-05-16 18:45:00,64.39,35.0,56.0,44.17,30.0,100.00,0.0,0.0,1589654700,1589654700,1524545891,1.0
439,1524545891,2020-05-16 13:55:00,2020-05-16 18:55:00,61.6,35.0,56.0,46.17,30.0,100.00,0.0,0.0,1589655300,1589655300,1524545891,1.0
440,1524561318,2020-05-03 15:45:00,2020-05-03 20:45:00,63.79,54.0,54.0,7.52,30.0,100.00,0.0,0.0,1588538700,1588538700,1524561318,1.0
441,1524355946,2020-05-08 06:50:00,2020-05-08 11:50:00,55.8,39.0,54.0,23.97,30.0,100.00,0.0,0.0,1588938600,1588938600,1524355946,1.0
442,1524397741,2020-05-22 19:40:00,2020-05-23 00:40:00,73.68,66.0,66.0,27.74,30.0,70.80,0.0,0.0,1590194400,1590194400,1524397741,1.0
443,1524397741,2020-05-22 19:40:00,2020-05-23 00:40:00,73.68,66.0,66.0,27.74,30.0,70.80,0.0,0.0,1590194400,1590194400,1524397741,1.0
444,1524397741,2020-05-22 20:00:00,2020-05-23 01:00:00,74.25,66.0,66.0,27.53,30.0,85.60,0.0,0.0,1590195600,1590195600,1524397741,1.0
445,1524389631,2020-05-31 14:55:00,2020-05-31 19:55:00,61.99,52.0,53.0,29.1,30.0,100.00,0.0,0.0,1590954900,1590954900,1524389631,1.0
446,1524397645,2020-05-22 19:05:00,2020-05-23 00:05:00,72.79,65.0,65.0,28.08,30.0,100.00,0.0,0.0,1590192300,1590192300,1524397645,1.0
447,1524397645,2020-05-22 19:10:00,2020-05-23 00:10:00,71.19,65.0,65.0,28.71,30.0,99.40,0.0,0.0,1590192600,1590192600,1524397645,1.0
448,1524397645,2020-05-22 19:55:00,2020-05-23 00:55:00,66.58,65.0,65.0,30.7,30.0,91.40,0.0,0.0,1590195300,1590195300,1524397645,1.0
449,1524397814,2020-05-22 19:55:00,2020-05-23 00:55:00,66.96,65.0,65.0,30.53,30.0,94.60,0.0,0.0,1590195300,1590195300,1524397814,1.0
450,1524380233,2020-05-03 15:35:00,2020-05-03 20:35:00,64.8,60.0,62.0,32.6,30.0,100.00,0.0,0.0,1588538100,1588538100,1524380233,1.0
451,461629190,2020-05-08 18:00:00,2020-05-08 23:00:00,73.96,50.0,62.0,28.24,30.0,88.60,0.0,0.0,1588978800,1588978800,461629190,1.0
452,1524483986,2020-05-20 16:05:00,2020-05-20 21:05:00,74.19,63.0,63.0,8.97,30.0,84.60,0.0,0.0,1590008700,1590008700,1524483986,1.0
453,1524483986,2020-05-20 16:30:00,2020-05-20 21:30:00,72.38,63.0,63.0,9.2,30.0,99.40,0.0,0.0,1590010200,1590010200,1524483986,1.0
454,1524373060,2020-05-16 13:40:00,2020-05-16 18:40:00,58.11,54.0,55.0,9.21,30.0,100.00,0.0,0.0,1589654400,1589654400,1524373060,1.0
455,1524315445,2020-05-03 15:50:00,2020-05-03 20:50:00,70.05,60.0,62.0,15.87,30.0,99.40,0.0,0.0,1588539000,1588539000,1524315445,1.0
456,1524410791,2020-05-20 15:20:00,2020-05-20 20:20:00,60.39,56.0,58.0,31.47,30.0,100.00,0.0,0.0,1590006000,1590006000,1524410791,1.0
457,1524395656,2020-05-25 20:55:00,2020-05-26 01:55:00,56.0,56.0,56.0,25.19,10.0,,0.0,0.0,1590458100,1590458100,1524395656,1.0
458,1524395677,2020-05-26 14:30:00,2020-05-26 19:30:00,58.4,52.0,58.0,43.48,30.0,99.20,0.0,0.0,1590521400,1590521400,1524395677,1.0
459,1524313670,2020-05-01 06:30:00,2020-05-01 11:30:00,70.59,65.0,65.0,39.66,30.0,100.00,0.0,0.0,1588332600,1588332600,1524313670,1.0
460,1524313670,2020-05-01 07:10:00,2020-05-01 12:10:00,72.4,65.0,65.0,38.67,30.0,100.00,0.0,0.0,1588335000,1588335000,1524313670,1.0
461,1524313670,2020-05-01 07:50:00,2020-05-01 12:50:00,72.98,65.0,65.0,38.36,30.0,100.00,0.0,0.0,1588337400,1588337400,1524313670,1.0
462,1524313670,2020-05-01 07:50:00,2020-05-01 12:50:00,72.98,65.0,65.0,38.36,30.0,100.00,0.0,0.0,1588337400,1588337400,1524313670,1.0
463,1524313670,2020-05-01 08:05:00,2020-05-01 13:05:00,72.6,65.0,65.0,38.56,30.0,100.00,0.0,0.0,1588338300,1588338300,1524313670,1.0
464,1524571792,2020-05-02 19:00:00,2020-05-03 00:00:00,72.38,67.0,67.0,30.69,30.0,100.00,0.0,0.0,1588464000,1588464000,1524571792,1.0
465,1524571792,2020-05-02 19:30:00,2020-05-03 00:30:00,67.76,67.0,67.0,32.78,30.0,82.00,0.0,0.0,1588465800,1588465800,1524571792,1.0
466,1524532117,2020-05-31 14:45:00,2020-05-31 19:45:00,63.38,58.0,59.0,40.07,30.0,100.00,0.0,0.0,1590954300,1590954300,1524532117,1.0
467,1524473921,2020-05-20 16:35:00,2020-05-20 21:35:00,71.79,63.0,63.0,5.56,30.0,97.40,0.0,0.0,1590010500,1590010500,1524473921,1.0
468,1524473921,2020-05-20 16:35:00,2020-05-20 21:35:00,71.79,63.0,63.0,5.56,30.0,97.40,0.0,0.0,1590010500,1590010500,1524473921,1.0
469,1524571767,2020-05-02 20:35:00,2020-05-03 01:35:00,68.0,67.0,67.0,32.67,30.0,56.80,0.0,0.0,1588469700,1588469700,1524571767,1.0
470,1524552976,2020-05-20 10:05:00,2020-05-20 15:05:00,69.37,64.0,64.0,29.18,30.0,100.00,0.0,0.0,1589987100,1589987100,1524552976,1.0
471,1524536477,2020-05-26 17:25:00,2020-05-26 22:25:00,72.98,67.0,67.0,12.31,30.0,92.80,0.0,0.0,1590531900,1590531900,1524536477,1.0
472,1524313572,2020-05-02 20:50:00,2020-05-03 01:50:00,66.0,65.0,65.0,37.86,30.0,87.60,0.0,0.0,1588470600,1588470600,1524313572,1.0
473,1524313572,2020-05-02 21:00:00,2020-05-03 02:00:00,64.8,65.0,65.0,38.56,30.0,98.20,0.0030769230769231207,0.0030769230769231207,1588471200,1588471200,1524313572,1.0
474,1524385984,2020-05-20 14:50:00,2020-05-20 19:50:00,63.0,59.0,58.0,31.2,30.0,100.00,0.0,0.0,1590004200,1590004200,1524385984,1.0
475,1524385984,2020-05-20 15:25:00,2020-05-20 20:25:00,62.2,57.0,58.0,31.6,30.0,100.00,0.0,0.0,1590006300,1590006300,1524385984,1.0
476,1524540861,2020-05-27 13:05:00,2020-05-27 18:05:00,62.6,41.0,57.0,55.51,30.0,100.00,0.0,0.0,1590602700,1590602700,1524540861,1.0
477,1524493512,2020-05-20 09:35:00,2020-05-20 14:35:00,49.6,17.0,56.0,52.21,30.0,100.00,0.11428571428571425,0.0,1589985300,1589985300,1524493512,1.0
478,1524282557,2020-05-03 17:10:00,2020-05-03 22:10:00,70.48,64.0,64.0,15.75,30.0,97.80,0.0,0.0,1588543800,1588543800,1524282557,1.0
479,1524282557,2020-05-03 17:15:00,2020-05-03 22:15:00,67.0,64.0,64.0,16.57,30.0,100.00,0.0,0.0,1588544100,1588544100,1524282557,1.0
480,1524355946,2020-05-03 15:20:00,2020-05-03 20:20:00,62.0,53.0,54.0,21.57,30.0,100.00,0.0,0.0,1588537200,1588537200,1524355946,1.0
481,1524274331,2020-05-03 17:10:00,2020-05-03 22:10:00,70.57,65.0,65.0,28.97,30.0,92.60,0.0,0.0,1588543800,1588543800,1524274331,1.0
482,449630937,2020-05-26 07:30:00,2020-05-26 12:30:00,65.99,55.0,60.0,33.92,30.0,100.00,0.0,0.0,1590496200,1590496200,449630937,1.0
483,1524342010,2020-05-08 12:15:00,2020-05-08 17:15:00,56.85,51.0,53.0,18.38,30.0,87.80,0.0,0.0,1588958100,1588958100,1524342010,1.0
484,1524353861,2020-05-15 20:55:00,2020-05-16 01:55:00,57.0,59.0,59.0,35.83,30.0,70.20,0.03389830508474576,0.03389830508474576,1589594100,1589594100,1524353861,1.0
485,1524532117,2020-05-26 13:40:00,2020-05-26 18:40:00,59.6,33.0,59.0,42.61,30.0,100.00,0.0,0.0,1590518400,1590518400,1524532117,1.0
486,1524308385,2020-05-03 00:15:00,2020-05-03 05:15:00,76.11,66.0,66.0,27.57,30.0,67.80,0.0,0.0,1588482900,1588482900,1524308385,1.0
487,1524457321,2020-05-31 18:25:00,2020-05-31 23:25:00,74.16,65.0,65.0,20.36,30.0,56.00,0.0,0.0,1590967500,1590967500,1524457321,1.0
488,1524457345,2020-05-31 18:00:00,2020-05-31 23:00:00,68.91,65.0,65.0,21.91,30.0,67.80,0.0,0.0,1590966000,1590966000,1524457345,1.0
489,1524457345,2020-05-31 18:05:00,2020-05-31 23:05:00,66.58,65.0,65.0,22.68,30.0,95.00,0.0,0.0,1590966300,1590966300,1524457345,1.0
490,396070012,2020-05-08 07:35:00,2020-05-08 12:35:00,52.57,41.0,56.0,28.21,30.0,100.00,0.06124999999999999,0.0,1588941300,1588941300,396070012,1.0
